molecule_chembl_id,canonical_smiles,bioactivity_class,standard_value
CHEMBL55791,C=C(C)O[C@H]1[C@@H](OC(C)=O)[C@H]2[C@@](C)(CC[C@H]3C4CC(=C)[C@H]5O[C@@]5(C(=O)OC)[C@]4(C)[C@@H](OC(C)=O)[C@@H](OC(C)=O)[C@@]32C)[C@@H]2C=CC(=O)OC[C@]12[C@@H](C)OC(C)=O,Intermediate,86.0
CHEMBL56173,CCCCCCNc1cc[n+](-c2ccccc2)c2c(-c3ccccc3)cc(OC)cc12.CS(=O)(=O)[O-],Intermediate,240.0
CHEMBL53676,CCCC/N=c1\ccn(CCCc2ccccc2)c2cc(Cl)ccc12,Active,471.0
CHEMBL298622,CCCCCCOc1ccc(Cc2ccccc2)c2ccccc12,Active,5000.0
CHEMBL56589,O=C(O)CC/N=c1\ccn(Cc2ccccc2Cl)c2cc(Cl)ccc12,Active,10000.0
CHEMBL54934,CCCCC/N=c1\ccn(C2CCc3ccccc32)c2cc(Cl)ccc12,Active,2300.0
CHEMBL293719,CCC/N=c1\ccn(Cc2ccccc2)c2cc(Cl)ccc12,Inactive,544.0
CHEMBL299668,CCC/N=c1\ccn(Cc2ccccc2)c2cc(Cl)ccc12,Active,3160.0
CHEMBL56590,CCCCCC/N=c1\ccn(Cc2ccccc2)c2ccccc12,Active,164.0
CHEMBL53841,CCCCCC/N=c1\ccn(Cc2ccccc2)c2ccccc12,Active,1053.0
CHEMBL59482,CCCCC/N=c1\ccn(Cc2ccc(Cl)cc2)c2c(F)cccc12,Inactive,227.0
CHEMBL293083,CCCCCC/N=c1\ccn(Cc2ccc(Cl)c(Cl)c2)c2cc(Cl)ccc12,Intermediate,310.0
CHEMBL55202,CCCCCC/N=c1\ccn(Cc2ccc(Cl)c(Cl)c2)c2cc(Cl)ccc12,Active,231.0
CHEMBL298608,CCCCC/N=c1\ccn(Cc2ccc(Cl)cc2)c2cc(C(F)(F)F)ccc12,Active,239.0
CHEMBL416313,CCCCCC/N=c1\ccn(Cc2ccccc2Cl)c2cc(Cl)ccc12,Active,190.0
CHEMBL293721,CCCCCC/N=c1\ccn(Cc2ccccc2Cl)c2cc(Cl)ccc12,Active,216.0
CHEMBL54846,CCCCC/N=c1\ccn(-c2ccc3ccccc3c2)c2cc(Cl)ccc12,Active,75.0
CHEMBL59308,CCCCC/N=c1\ccn(-c2ccc3ccccc3c2)c2cc(Cl)ccc12,Active,434.0
CHEMBL56261,CCCCCCC/N=c1\ccn(Cc2ccccc2)c2cc(Cl)ccc12,Intermediate,117.0
CHEMBL274227,CCCCCCC/N=c1\ccn(Cc2ccccc2)c2cc(Cl)ccc12,Active,249.0
CHEMBL279370,CCN(CC)CC/N=c1\ccn(Cc2ccccc2Cl)c2cc(Cl)ccc12,Active,7680.0
CHEMBL16308,CCCCCC/N=c1\ccn(Cc2ccc(Cl)cc2)c2cc(Cl)ccc12,Active,100.0
CHEMBL278660,CC(C)C/N=c1\ccn(Cc2ccccc2)c2cc(Cl)ccc12,Active,206.0
CHEMBL278660,C[N+](C)(C)CCC/N=c1\ccn(Cc2ccccc2Cl)c2cc(Cl)ccc12,Active,30000.0
CHEMBL277598,C[N+](C)(C)CCC/N=c1\ccn(Cc2ccccc2Cl)c2cc(Cl)ccc12,Active,10000.0
CHEMBL277598,CCCCCC/N=c1\ccn(Cc2ccccc2)c2c(OC)cccc12,Active,475.0
CHEMBL275836,CCCCC/N=c1\ccn(Cc2ccccc2)c2cc(Cl)ccc12,Active,65.0
CHEMBL16806,CCCCC/N=c1\ccn(Cc2ccccc2)c2cc(Cl)ccc12,Active,250.0
CHEMBL16806,Clc1ccc2/c(=N/C34CC5CC(CC(C5)C3)C4)ccn(Cc3ccccc3)c2c1,Active,1170.0
CHEMBL16917,CCCCC/N=c1\ccn(Cc2ccc(Cl)cc2)c2ccc(OC)cc12,Active,275.0
CHEMBL16792,CCCCC/N=c1\ccn(-c2cccc3ccccc23)c2cc(Cl)ccc12,Active,280.0
CHEMBL279358,CCCCC/N=c1\ccn(-c2cccc3ccccc23)c2cc(Cl)ccc12,Intermediate,279.0
CHEMBL16449,N=c1ccn(Cc2ccccc2)c2cc(Cl)ccc12,Active,8000.0
CHEMBL16432,CCCCCC/N=c1\ccn(Cc2ccccc2)c2cc(Cl)ccc12,Active,32.0
CHEMBL16432,CCCCCC/N=c1\ccn(Cc2ccccc2)c2cc(Cl)ccc12,Intermediate,335.0
CHEMBL16446,Clc1ccc(/N=c2\ccn(Cc3ccccc3Cl)c3cc(Cl)ccc23)c(Cl)c1,Active,30000.0
CHEMBL16446,Clc1ccc(/N=c2\ccn(Cc3ccccc3Cl)c3cc(Cl)ccc23)c(Cl)c1,Active,10000.0
CHEMBL16848,CNCCC/N=c1\ccn(Cc2cccc(Cl)c2)c2cc(Cl)ccc12,Active,30000.0
CHEMBL16848,CCCC/N=c1\ccn(Cc2ccccc2)c2cc(Cl)ccc12,Active,198.0
CHEMBL277952,CCCC/N=c1\ccn(Cc2ccccc2)c2cc(Cl)ccc12,Active,2620.0
CHEMBL276543,CCCCCC/N=c1\ccn(Cc2ccc(OC)cc2)c2cc(Cl)ccc12,Intermediate,88.0
CHEMBL280102,CCCCCC/N=c1\ccn(Cc2ccc(OC)cc2)c2cc(Cl)ccc12,Active,329.0
CHEMBL280102,CCCCCCCC/N=c1\ccn(Cc2ccccc2)c2cc(Cl)ccc12,Active,280.0
CHEMBL16706,CCCCCCCC/N=c1\ccn(Cc2ccccc2)c2cc(Cl)ccc12,Active,351.0
CHEMBL280052,CCCCC/N=c1\ccn(Cc2ccc(Cl)cc2)c2ccc(C(F)(F)F)cc12,Active,340.0
CHEMBL16110,CCCCC/N=c1\ccn(Cc2ccc(Cl)cc2)c2ccc(C(F)(F)F)cc12,Intermediate,213.0
CHEMBL16450,C/N=c1\ccn(Cc2ccccc2)c2cc(Cl)ccc12,Active,5000.0
CHEMBL16581,CCCCCC/N=c1\ccn(Cc2ccccc2)c2ccc(OC)cc12,Active,47.0
CHEMBL16581,CCCCCC/N=c1\ccn(Cc2ccccc2)c2ccc(OC)cc12,Active,267.0
CHEMBL16804,CCCCCCNc1cc[n+](-c2ccccc2)c2c(-c3ccccc3)cccc12.CS(=O)(=O)[O-],Active,930.0
CHEMBL16804,Clc1ccc(C/N=c2\ccn(Cc3ccccc3Cl)c3cc(Cl)ccc23)c(Cl)c1,Active,550.0
CHEMBL429234,Clc1ccc(C/N=c2\ccn(Cc3ccccc3Cl)c3cc(Cl)ccc23)c(Cl)c1,Active,259.0
CHEMBL441507,CCCCCCNc1cc[n+](C)c2c(-c3ccccc3)cccc12.CS(=O)(=O)[O-],Intermediate,240.0
CHEMBL16945,CCCCCCNc1cc[n+](C)c2c(-c3ccccc3)cccc12.CS(=O)(=O)[O-],Active,602.0
CHEMBL16945,CCCCCCOc1cc[n+](Cc2ccccc2)c2cc(Cl)ccc12.[Br-],Intermediate,828.0
CHEMBL277287,CC(C)CCCC(C)/N=c1\ccn(Cc2ccccc2)c2cc(Cl)ccc12,Active,817.0
CHEMBL277287,CC(C)CCCC(C)/N=c1\ccn(Cc2ccccc2)c2cc(Cl)ccc12,Active,1676.0
CHEMBL280079,CCCC(=O)N[C@H]1CC[C@@](CNC(=O)c2ccccc2OC)(c2ccccc2)CC1,Active,200.0
CHEMBL417995,C=CCNC(=O)O[C@H]1CC[C@@](CNC(=O)c2cc(F)ccc2O)(c2ccccc2)CC1,Active,140.0
CHEMBL417995,C=CCN(C)C(=O)O[C@H]1CC[C@@](CNC(=O)c2ccccc2OC)(c2ccccc2)CC1,Intermediate,320.0
CHEMBL277064,C=CCNC(=O)O[C@H]1CC[C@@](CNC(=O)c2ccccc2OC)(c2ccccc2)CC1,Active,70.0
CHEMBL277064,C=CCNC(=O)O[C@H]1CC[C@@](CNC(=O)c2ccccc2OC)(c2ccccc2)CC1,Active,361.0
CHEMBL279529,C=CCNC(=O)O[C@H]1CC[C@@](CNC(=O)c2ccccc2OC)(c2ccccc2)CC1,Intermediate,18.0
CHEMBL277812,C=CCOC(=O)N[C@H]1CC[C@](CNC(=O)c2ccccc2OC)(c2ccccc2)CC1,Active,90.0
CHEMBL277812,C=CCOC(=O)N[C@H]1CC[C@](CNC(=O)c2ccccc2OC)(c2ccccc2)CC1,Active,354.0
CHEMBL416538,C=CCOC(=O)N[C@H]1CC[C@](CNC(=O)c2ccccc2OC)(c2ccccc2)CC1,Active,72.0
CHEMBL16702,C=CCNC(=O)O[C@H]1CC[C@@](CNC(=O)c2cc(Cl)ccc2OC)(c2ccccc2)CC1,Active,230.0
CHEMBL16877,CNC(=O)O[C@H]1CC[C@@](CNC(=O)c2ccccc2OC)(c2ccccc2)CC1,Active,58.0
CHEMBL16877,CNC(=O)O[C@H]1CC[C@@](CNC(=O)c2ccccc2OC)(c2ccccc2)CC1,Active,195.0
CHEMBL16683,CNC(=O)O[C@H]1CC[C@@](CNC(=O)c2ccccc2OC)(c2ccccc2)CC1,Active,5.0
CHEMBL16683,C=CCN(C)C(=O)N[C@H]1CC[C@](CNC(=O)c2ccccc2OC)(c2ccccc2)CC1,Active,195.0
CHEMBL16652,COc1ccccc1C(=O)NC[C@]1(c2ccccc2)CC[C@@H](NC(C)=O)CC1,Active,470.0
CHEMBL16983,COc1ccccc1C(=O)NC[C@]1(c2ccccc2)CC[C@@H](NC(=O)c2ccccc2Br)CC1,Active,2790.0
CHEMBL16983,COc1ccccc1C(=O)NCC1(c2ccccc2)CCOC(=O)CC1,Active,690.0
CHEMBL278269,C=CCNC(=O)O[C@H]1CC[C@](CNC(=O)c2ccccc2OC)(c2ccccc2)CC1,Active,130.0
CHEMBL16609,C=CCNC(=O)O[C@H]1CC[C@](CNC(=O)c2ccccc2OC)(c2ccccc2)CC1,Active,1099.0
CHEMBL16609,C=CCNC(=O)O[C@H]1CC[C@](CNC(=O)c2ccccc2OC)(c2ccccc2)CC1,Intermediate,140.0
CHEMBL278945,COc1ccccc1C(=O)NC[C@]1(c2ccccc2)CC[C@H](NC(=O)CCc2ccccc2)CC1,Active,120.0
CHEMBL278945,COc1ccccc1C(=O)NC[C@]1(c2ccccc2)CC[C@H](NC(=O)CCc2ccccc2)CC1,Active,200.0
CHEMBL16255,COc1ccccc1C(=O)NC[C@]1(c2ccccc2)CC[C@@H](OC(=O)NC(C)C)CC1,Active,75.0
CHEMBL16255,COc1ccccc1C(=O)NC[C@]1(c2ccccc2)CC[C@@H](OC(=O)NC(C)C)CC1,Active,222.0
CHEMBL16890,COc1ccccc1C(=O)NC[C@]1(c2ccccc2)CC[C@H](OC(=O)NCCc2ccccc2)CC1,Active,420.0
CHEMBL16311,COc1ccccc1C(=O)NC[C@]1(c2ccccc2)CC[C@@H](NC(=O)Cc2ccccc2)CC1,Active,1045.0
CHEMBL16311,C=C(C)CNC(=O)O[C@H]1CC[C@@](CNC(=O)c2ccccc2OC)(c2ccccc2)CC1,Intermediate,90.0
CHEMBL279606,C=C(C)CNC(=O)O[C@H]1CC[C@@](CNC(=O)c2ccccc2OC)(c2ccccc2)CC1,Active,688.0
CHEMBL16381,COc1ccccc1C(=O)NC[C@]1(c2ccccc2)CC[C@@H](NC(=O)C=C(C)C)CC1,Active,470.0
CHEMBL276523,C=CCNC(=O)O[C@H]1CC[C@@](CNC(=O)c2cccnc2OC)(c2ccccc2)CC1,Active,325.0
CHEMBL16844,C=CCNC(=O)O[C@H]1CC[C@@](CNC(=O)c2cccc3c2OCC3)(c2ccccc2)CC1,Active,3730.0
CHEMBL16844,COc1ccccc1C(=O)NCC(c1ccccc1)C(C)C,Active,150.0
CHEMBL16468,CCCCNC(=O)O[C@H]1CC[C@@](CNC(=O)c2ccccc2OC)(c2ccccc2)CC1,Active,90.0
CHEMBL16468,CCCCNC(=O)O[C@H]1CC[C@@](CNC(=O)c2ccccc2OC)(c2ccccc2)CC1,Active,688.0
CHEMBL276059,CCCNC(=O)O[C@H]1CC[C@@](CNC(=O)c2ccccc2OC)(c2ccccc2)CC1,Active,50.0
CHEMBL276059,CCCNC(=O)O[C@H]1CC[C@@](CNC(=O)c2ccccc2OC)(c2ccccc2)CC1,Active,273.0
CHEMBL275152,CCCNC(=O)O[C@H]1CC[C@@](CNC(=O)c2ccccc2OC)(c2ccccc2)CC1,Active,5.0
CHEMBL274017,C=CCOC(=O)O[C@H]1CC[C@](CNC(=O)c2ccccc2OC)(c2ccccc2)CC1,Active,230.0
CHEMBL16882,C=CCNC(=O)O[C@H]1CC[C@@](CNC(=O)c2cccc(Cl)c2O)(c2ccccc2)CC1,Active,7200.0
CHEMBL273351,CNC(=O)O[C@H]1CC[C@](CNC(=O)c2ccccc2OC)(c2ccccc2)CC1,Active,150.0
CHEMBL278734,CNC(=O)O[C@H]1CC[C@](CNC(=O)c2ccccc2OC)(c2ccccc2)CC1,Active,1255.0
CHEMBL278734,CNC(=O)O[C@H]1CC[C@](CNC(=O)c2ccccc2OC)(c2ccccc2)CC1,Active,99.0
CHEMBL16766,CCCCNC(=O)O[C@H]1CC[C@](CNC(=O)c2ccccc2OC)(c2ccccc2)CC1,Active,140.0
CHEMBL16766,CCCCNC(=O)O[C@H]1CC[C@](CNC(=O)c2ccccc2OC)(c2ccccc2)CC1,Active,320.0
CHEMBL16961,C=CCN(CC=C)C(=O)O[C@H]1CC[C@@](CNC(=O)c2ccccc2OC)(c2ccccc2)CC1,Active,840.0
CHEMBL276591,COC(=O)N[C@H]1CC[C@@](CNC(=O)c2ccccc2OC)(c2ccccc2)CC1,Active,135.0
CHEMBL278213,COC(=O)N[C@H]1CC[C@@](CNC(=O)c2ccccc2OC)(c2ccccc2)CC1,Active,1057.0
CHEMBL278213,C/C=C/C(=O)N[C@H]1CC[C@](CNC(=O)c2ccccc2OC)(c2ccccc2)CC1,Intermediate,100.0
CHEMBL16287,C/C=C/C(=O)N[C@H]1CC[C@](CNC(=O)c2ccccc2OC)(c2ccccc2)CC1,Intermediate,399.0
CHEMBL16780,C=CCNC(=O)O[C@H]1CC[C@@](CNC(=O)c2cccc(Cl)c2OC)(c2ccccc2)CC1,Active,8380.0
CHEMBL362198,COc1ccccc1C(=O)NC[C@]1(c2ccccc2)CC[C@H](OC(N)=O)CC1,Active,120.0
CHEMBL362198,COc1ccccc1C(=O)NC[C@]1(c2ccccc2)CC[C@H](OC(N)=O)CC1,Active,519.0
CHEMBL434526,C/C=C/C(=O)N[C@H]1CC[C@@](CNC(=O)c2ccccc2OC)(c2ccccc2)CC1,Active,440.0
CHEMBL362199,COc1ccccc1C(=O)NC[C@]1(c2ccccc2)CC[C@@H](NC(=O)CCc2ccccc2)CC1,Active,570.0
CHEMBL361188,COc1ccccc1C(=O)NC[C@]1(c2ccccc2)CC[C@@H](NC(=O)SC)CC1,Intermediate,150.0
CHEMBL362068,COc1ccccc1C(=O)NC[C@]1(c2ccccc2)CC[C@@H](NC(=O)SC)CC1,Active,618.0
CHEMBL368019,C=CCNC(=O)N[C@H]1CC[C@](CNC(=O)c2ccccc2OC)(c2ccccc2)CC1,Active,140.0
CHEMBL368429,C=CCNC(=O)N[C@H]1CC[C@](CNC(=O)c2ccccc2OC)(c2ccccc2)CC1,Active,430.0
CHEMBL369340,C=CCNC(=O)N[C@H]1CC[C@](CNC(=O)c2ccccc2OC)(c2ccccc2)CC1,Intermediate,80.0
CHEMBL366929,COCCCNC(=O)O[C@H]1CC[C@@](CNC(=O)c2ccccc2OC)(c2ccccc2)CC1,Active,145.0
CHEMBL362445,COc1ccccc1C(=O)NC[C@]1(c2ccccc2)CC[C@H](OC(=O)Nc2ccccc2)CC1,Active,120.0
CHEMBL362445,COc1ccccc1C(=O)NC[C@]1(c2ccccc2)CC[C@H](OC(=O)Nc2ccccc2)CC1,Active,237.0
CHEMBL362446,C=CCN(CC=C)C(=O)O[C@H]1CC[C@](CNC(=O)c2ccccc2OC)(c2ccccc2)CC1,Active,205.0
CHEMBL359622,COCCNC(=O)O[C@H]1CC[C@@](CNC(=O)c2ccccc2OC)(c2ccccc2)CC1,Active,140.0
CHEMBL368907,COCCNC(=O)O[C@H]1CC[C@@](CNC(=O)c2ccccc2OC)(c2ccccc2)CC1,Active,1000.0
CHEMBL368907,COc1ccccc1C(=O)NC[C@]1(c2ccccc2)CC[C@H](OC(=O)NCc2ccccc2)CC1,Active,245.0
CHEMBL178867,COc1ccccc1C(=O)NC[C@]1(c2ccccc2)CC[C@H](OC(=O)NCc2ccccc2)CC1,Active,915.0
CHEMBL178867,C=CCNC(=O)N[C@H]1CC[C@@](CNC(=O)c2ccccc2OC)(c2ccccc2)CC1,Intermediate,150.0
CHEMBL359497,C=CCNC(=O)N[C@H]1CC[C@@](CNC(=O)c2ccccc2OC)(c2ccccc2)CC1,Active,676.0
CHEMBL359497,C=CCNC(=O)N[C@H]1CC[C@@](CNC(=O)c2ccccc2OC)(c2ccccc2)CC1,Active,29.0
CHEMBL361777,CCOc1ccccc1C(=O)NCC1(c2ccccc2)CCC(=O)CC1,Active,580.0
CHEMBL361777,COc1ccccc1C(=O)NC[C@]1(c2ccccc2)CC[C@@H](OC(=O)NCCO)CC1,Active,310.0
CHEMBL425156,COc1ccccc1C(=O)NC[C@]1(c2ccccc2)CC[C@@H](OC(=O)NCCO)CC1,Active,1793.0
CHEMBL435093,CCCNC(=O)O[C@H]1CC[C@](CNC(=O)c2ccccc2OC)(c2ccccc2)CC1,Active,100.0
CHEMBL435093,CCCNC(=O)O[C@H]1CC[C@](CNC(=O)c2ccccc2OC)(c2ccccc2)CC1,Active,79.0
CHEMBL425865,COCCCNC(=O)O[C@H]1CC[C@](CNC(=O)c2ccccc2OC)(c2ccccc2)CC1,Active,130.0
CHEMBL425865,CNc1ccccc1C(=O)NCC1(c2ccccc2)CCC(=O)CC1,Active,600.0
CHEMBL367603,C=CCN(C)C(=O)O[C@H]1CC[C@](CNC(=O)c2ccccc2OC)(c2ccccc2)CC1,Active,145.0
CHEMBL367603,C=CCN(C)C(=O)O[C@H]1CC[C@](CNC(=O)c2ccccc2OC)(c2ccccc2)CC1,Intermediate,659.0
CHEMBL361828,COc1ccccc1C(=O)NC[C@]1(c2ccccc2)CC[C@H](NC(=O)c2ccccc2)CC1,Active,75.0
CHEMBL362467,COc1ccccc1C(=O)NC[C@]1(c2ccccc2)CC[C@H](NC(=O)c2ccccc2)CC1,Active,154.0
CHEMBL180972,COc1ccccc1C(=O)NC[C@]1(c2ccccc2)CC[C@H](NC(=O)Cc2ccccc2)CC1,Active,130.0
CHEMBL180972,COc1ccccc1C(=O)NC[C@]1(c2ccccc2)CC[C@H](NC(=O)Cc2ccccc2)CC1,Active,609.0
CHEMBL182080,C=CCNC(=O)O[C@H]1CC[C@@](CNC(=O)c2cc(F)ccc2OC)(c2ccccc2)CC1,Active,45.0
CHEMBL182080,COc1ccccc1C(=O)N(C)CC1(c2ccccc2)CCN(C(C)=O)CC1,Active,780.0
CHEMBL180665,COc1ccccc1C(=O)NC[C@]1(c2ccccc2)CC[C@H](OC(=O)NCCO)CC1,Active,95.0
CHEMBL180665,COCCNC(=O)O[C@H]1CC[C@](CNC(=O)c2ccccc2OC)(c2ccccc2)CC1,Active,140.0
CHEMBL178086,C=CCOC(=O)N[C@H]1CC[C@@](CNC(=O)c2ccccc2OC)(c2ccccc2)CC1,Active,242.0
CHEMBL178086,C=CCOC(=O)N[C@H]1CC[C@@](CNC(=O)c2ccccc2OC)(c2ccccc2)CC1,Active,539.0
CHEMBL361810,COc1ccccc1C(=O)NC[C@]1(c2ccccc2)CC[C@H](OC(=O)NC(C)C)CC1,Active,130.0
CHEMBL361810,COc1ccccc1C(=O)NC[C@]1(c2ccccc2)CC[C@H](OC(=O)NC(C)C)CC1,Active,892.0
CHEMBL178146,C=C(C)CNC(=O)O[C@H]1CC[C@](CNC(=O)c2ccccc2OC)(c2ccccc2)CC1,Active,120.0
CHEMBL178146,COc1ccccc1C(=O)NC[C@]1(c2ccccc2)CC[C@H](OC(=O)NCCCc2ccccc2)CC1,Active,535.0
CHEMBL362608,COc1ccccc1C(=O)NCC1(c2ccccc2)CCC(=O)CC1,Active,200.0
CHEMBL362608,COc1ccccc1C(=O)NCC1(c2ccccc2)CCC(=O)CC1,Active,1200.0
CHEMBL360276,COc1ccccc1C(=O)NC[C@]1(c2ccccc2)CC[C@@H](NC(=O)c2ccccc2)CC1,Active,1560.0
CHEMBL360276,CCC(=O)N[C@H]1CC[C@@](CNC(=O)c2ccccc2OC)(c2ccccc2)CC1,Active,210.0
CHEMBL368435,C=C1C[C@@]2(O)C3CC[C@]4(C)C([C@H](OC(C)=O)[C@H](OC(C)=O)[C@@]5([C@@H](C)OC(C)=O)COC(=O)C=CC45)[C@@]3(C)[C@H](OC(C)=O)[C@H](OC(C)=O)[C@@]2(C)C2(C(=O)OC)O[C@H]12,Active,100.0
CHEMBL368435,C=C1C[C@@]2(O)C3CC[C@]4(C)C([C@H](OC(C)=O)[C@H](OC(C)=O)[C@@]5([C@@H](C)OC(C)=O)COC(=O)C=CC45)[C@@]3(C)[C@H](OC(C)=O)[C@H](OC(C)=O)[C@@]2(C)C2(C(=O)OC)O[C@H]12,Active,184.0
CHEMBL368210,C=C1C[C@@]2(O)C3CC[C@]4(C)C([C@H](OC(C)=O)[C@H](OC(C)=O)[C@@]5([C@@H](C)OC(C)=O)COCC=CC45)[C@@]3(C)[C@H](OC(C)=O)[C@H](OC(C)=O)[C@@]2(C)C2(C(=O)OC)O[C@H]12,Active,10.0
CHEMBL176278,COC(=O)C12O[C@@H]1C(=O)CC1(O)C3CC[C@]4(C)C([C@H](OC(C)=O)[C@H](OC(C)=O)[C@@]5([C@@H](C)OC(C)=O)COCC=CC45)[C@@]3(C)[C@H](OC(C)=O)[C@H](OC(C)=O)[C@]12C,Active,35.0
CHEMBL176278,C=CC1(O)C(C)=C[C@@H](OC(C)=O)[C@@]2(C)C1CC[C@]1(C)C2[C@H](OC(C)=O)[C@H](OC(C)=O)[C@@]2([C@@H](C)OC(C)=O)COCC=CC12,Active,1814.0
CHEMBL435336,C=CCC1(O)C(C)=C[C@@H](OC(C)=O)[C@@]2(C)C1CC[C@]1(C)C2[C@H](OC(C)=O)[C@H](OC(C)=O)[C@@]2([C@@H](C)OC(C)=O)COCC=CC12,Active,143.0
CHEMBL435336,C=CCCC1(O)C(C)=C[C@@H](OC(C)=O)[C@@]2(C)C1CC[C@]1(C)C2[C@H](OC(C)=O)[C@H](OC(C)=O)[C@@]2([C@@H](C)OC(C)=O)COCC=CC12,Active,664.0
CHEMBL366546,CC(=O)O[C@H]1C2[C@@](C)(CCC3C(O)(CCC=C(C)C)C(C)=C[C@@H](OC(C)=O)[C@@]32C)C2C=CCOC[C@]2([C@@H](C)OC(C)=O)[C@H]1OC(C)=O,Active,21.0
CHEMBL366546,CC(=O)O[C@H]1C2[C@@](C)(CCC3C(O)(c4ccccc4)C(C)=C[C@@H](OC(C)=O)[C@@]32C)C2C=CCOC[C@]2([C@@H](C)OC(C)=O)[C@H]1OC(C)=O,Active,2000.0
CHEMBL359659,CC(=O)O[C@H]1C2[C@@](C)(CCC3C(O)(Cc4ccccc4)C(C)=C[C@@H](OC(C)=O)[C@@]32C)C2C=CCOC[C@]2([C@@H](C)OC(C)=O)[C@H]1OC(C)=O,Active,380.0
CHEMBL359659,CC(=O)O[C@H]1C2[C@@](C)(CCC3C(O)(CCc4ccccc4)C(C)=C[C@@H](OC(C)=O)[C@@]32C)C2C=CCOC[C@]2([C@@H](C)OC(C)=O)[C@H]1OC(C)=O,Active,26.0
CHEMBL362825,CC(=O)O[C@H]1C2[C@@](C)(CCC3C(O)(CCc4ccccc4)C(C)=C[C@@H](OC(C)=O)[C@@]32C)C2C=CCOC[C@]2([C@@H](C)OC(C)=O)[C@H]1OC(C)=O,Active,460.0
CHEMBL360060,CC(=O)O[C@H]1C2[C@@](C)(CCC3C(O)(CCCc4ccccc4)C(C)=C[C@@H](OC(C)=O)[C@@]32C)C2C=CCOC[C@]2([C@@H](C)OC(C)=O)[C@H]1OC(C)=O,Active,150.0
CHEMBL360060,CC(=O)O[C@H]1C2[C@@](C)(CCC3C(O)(CCCCc4ccccc4)C(C)=C[C@@H](OC(C)=O)[C@@]32C)C2C=CCOC[C@]2([C@@H](C)OC(C)=O)[C@H]1OC(C)=O,Active,270.0
CHEMBL360061,CC(=O)O[C@H]1C2[C@@](C)(CCC3C(O)(CCc4ccccc4F)C(C)=C[C@@H](OC(C)=O)[C@@]32C)C2C=CCOC[C@]2([C@@H](C)OC(C)=O)[C@H]1OC(C)=O,Active,74.0
CHEMBL278971,CC(=O)O[C@H]1C2[C@@](C)(CCC3C(O)(CCc4ccccc4F)C(C)=C[C@@H](OC(C)=O)[C@@]32C)C2C=CCOC[C@]2([C@@H](C)OC(C)=O)[C@H]1OC(C)=O,Inactive,245.0
CHEMBL17027,CC(=O)O[C@H]1C2[C@@](C)(CCC3C(O)(CCc4ccccc4C(F)(F)F)C(C)=C[C@@H](OC(C)=O)[C@@]32C)C2C=CCOC[C@]2([C@@H](C)OC(C)=O)[C@H]1OC(C)=O,Inactive,87.0
CHEMBL278915,CC(=O)O[C@H]1C2[C@@](C)(CCC3C(O)(CCc4ccccc4C(F)(F)F)C(C)=C[C@@H](OC(C)=O)[C@@]32C)C2C=CCOC[C@]2([C@@H](C)OC(C)=O)[C@H]1OC(C)=O,Inactive,1840.0
CHEMBL16518,CC(=O)O[C@H]1C2[C@@](C)(CCC3C(O)(CCc4ccccc4C)C(C)=C[C@@H](OC(C)=O)[C@@]32C)C2C=CCOC[C@]2([C@@H](C)OC(C)=O)[C@H]1OC(C)=O,Inactive,41.0
CHEMBL16464,CC(=O)O[C@H]1C2[C@@](C)(CCC3C(O)(CCc4ccccc4C)C(C)=C[C@@H](OC(C)=O)[C@@]32C)C2C=CCOC[C@]2([C@@H](C)OC(C)=O)[C@H]1OC(C)=O,Inactive,194.0
CHEMBL16746,CC(=O)O[C@H]1C2[C@@](C)(CCC3C(O)(CCc4ccccc4O)C(C)=C[C@@H](OC(C)=O)[C@@]32C)C2C=CCOC[C@]2([C@@H](C)OC(C)=O)[C@H]1OC(C)=O,Intermediate,26.0
CHEMBL16512,CC(=O)O[C@H]1C2[C@@](C)(CCC3C(O)(CCc4ccccc4O)C(C)=C[C@@H](OC(C)=O)[C@@]32C)C2C=CCOC[C@]2([C@@H](C)OC(C)=O)[C@H]1OC(C)=O,Inactive,428.0
CHEMBL422393,CC(=O)Oc1ccccc1CCC1(O)C(C)=C[C@@H](OC(C)=O)[C@@]2(C)C1CC[C@]1(C)C2[C@H](OC(C)=O)[C@H](OC(C)=O)[C@@]2([C@@H](C)OC(C)=O)COCC=CC12,Inactive,31.0
CHEMBL279337,COc1ccccc1CCC1(O)C(C)=C[C@@H](OC(C)=O)[C@@]2(C)C1CC[C@]1(C)C2[C@H](OC(C)=O)[C@H](OC(C)=O)[C@@]2([C@@H](C)OC(C)=O)COCC=CC12,Inactive,14.0
CHEMBL278501,COc1ccccc1CCC1(O)C(C)=C[C@@H](OC(C)=O)[C@@]2(C)C1CC[C@]1(C)C2[C@H](OC(C)=O)[C@H](OC(C)=O)[C@@]2([C@@H](C)OC(C)=O)COCC=CC12,Inactive,142.0
CHEMBL265334,CCOc1ccccc1CCC1(O)C(C)=C[C@@H](OC(C)=O)[C@@]2(C)C1CC[C@]1(C)C2[C@H](OC(C)=O)[C@H](OC(C)=O)[C@@]2([C@@H](C)OC(C)=O)COCC=CC12,Inactive,34.0
CHEMBL16428,CCOc1ccccc1CCC1(O)C(C)=C[C@@H](OC(C)=O)[C@@]2(C)C1CC[C@]1(C)C2[C@H](OC(C)=O)[C@H](OC(C)=O)[C@@]2([C@@H](C)OC(C)=O)COCC=CC12,Inactive,80.0
CHEMBL360583,COc1cccc(CCC2(O)C(C)=C[C@@H](OC(C)=O)[C@@]3(C)C2CC[C@]2(C)C3[C@H](OC(C)=O)[C@H](OC(C)=O)[C@@]3([C@@H](C)OC(C)=O)COCC=CC23)c1,Intermediate,24.0
CHEMBL516932,COc1cccc(CCC2(O)C(C)=C[C@@H](OC(C)=O)[C@@]3(C)C2CC[C@]2(C)C3[C@H](OC(C)=O)[C@H](OC(C)=O)[C@@]3([C@@H](C)OC(C)=O)COCC=CC23)c1,Intermediate,1314.0
